Lighthaus,https://goo.gl/maps/2EvhB4oq4gyUXKXx9,11AM, 3:30PM,â˜•â˜•â˜•â˜•ï¸,ğŸ’ªğŸ’ª,ğŸ”ŒğŸ”ŒğŸ”Œ
Esters,https://goo.gl/maps/13Tjc36HuPWLELaSA,8AM,3PM,â˜•â˜•â˜•â˜•,ğŸ’ªğŸ’ªğŸ’ª,ğŸ”Œ
Ginger & White,https://goo.gl/maps/DqMx2g5LiAqv3pJQ9,7:30AM,5:30PM,â˜•â˜•â˜•,âœ˜,ğŸ”Œ
Mare Street Market,https://goo.gl/maps/ALR8iBiNN6tVfuAA8,8AM,1PM,â˜•â˜•,ğŸ’ªğŸ’ªğŸ’ª,ğŸ”ŒğŸ”ŒğŸ”Œ
mamun, http://127.0.0.1:5000/add, 8am, 9PM, â˜•, âœ˜, âœ˜ 
mamun, http://127.0.0.1:5000/add, 8am, 9PM, â˜•, âœ˜, âœ˜ 
mamun, http://127.0.0.1:5000/add, 8am, 9PM, â˜•, âœ˜, âœ˜ 
mamun, http://127.0.0.1:5000/add, 8am, 9PM, â˜•, âœ˜, âœ˜ 
mamun, http://127.0.0.1:5000/add, 8am, 9PM, 2 star, âœ˜, âœ˜ 
mamun, http://127.0.0.1:5000/add, 8am, 9PM, â˜•, âœ˜, âœ˜ 
mamun, http://127.0.0.1:5000/add, 8am, 9PM, â˜•, âœ˜, âœ˜ 
mamun, http://127.0.0.1:5000/add, 8am, 9PM, â˜•, âœ˜, âœ˜ 
sss, http://127.0.0.1:5000/add, ee, www, â˜•â˜•â˜•, ğŸ’ªğŸ’ªğŸ’ªğŸ’ª, ğŸ”ŒğŸ”ŒğŸ”ŒğŸ”ŒğŸ”Œ 
sss, http://127.0.0.1:5000/add, ee, www, â˜•â˜•â˜•, ğŸ’ªğŸ’ªğŸ’ªğŸ’ª, ğŸ”ŒğŸ”ŒğŸ”ŒğŸ”ŒğŸ”Œ 
sss, http://127.0.0.1:5000/add, ee, www, â˜•â˜•â˜•, ğŸ’ªğŸ’ªğŸ’ªğŸ’ª, ğŸ”ŒğŸ”ŒğŸ”ŒğŸ”ŒğŸ”Œ 
ww, http://www.cc.com/233, www, ww, â˜•â˜•â˜•, ğŸ’ªğŸ’ªğŸ’ªğŸ’ª, ğŸ”ŒğŸ”ŒğŸ”ŒğŸ”Œ 